sample_id,image_path,plots_dir,frequency_plot,time_frequency_plot
0,snp_cwt_images\0_cwt.png,snp_cwt_plots,snp_cwt_plots\0_frequency_analysis.png,snp_cwt_plots\0_time_frequency.png
1,snp_cwt_images\1_cwt.png,snp_cwt_plots,snp_cwt_plots\1_frequency_analysis.png,snp_cwt_plots\1_time_frequency.png
2,snp_cwt_images\2_cwt.png,snp_cwt_plots,snp_cwt_plots\2_frequency_analysis.png,snp_cwt_plots\2_time_frequency.png
3,snp_cwt_images\3_cwt.png,snp_cwt_plots,snp_cwt_plots\3_frequency_analysis.png,snp_cwt_plots\3_time_frequency.png
4,snp_cwt_images\4_cwt.png,snp_cwt_plots,snp_cwt_plots\4_frequency_analysis.png,snp_cwt_plots\4_time_frequency.png
5,snp_cwt_images\5_cwt.png,snp_cwt_plots,snp_cwt_plots\5_frequency_analysis.png,snp_cwt_plots\5_time_frequency.png
6,snp_cwt_images\6_cwt.png,snp_cwt_plots,snp_cwt_plots\6_frequency_analysis.png,snp_cwt_plots\6_time_frequency.png
7,snp_cwt_images\7_cwt.png,snp_cwt_plots,snp_cwt_plots\7_frequency_analysis.png,snp_cwt_plots\7_time_frequency.png
8,snp_cwt_images\8_cwt.png,snp_cwt_plots,snp_cwt_plots\8_frequency_analysis.png,snp_cwt_plots\8_time_frequency.png
9,snp_cwt_images\9_cwt.png,snp_cwt_plots,snp_cwt_plots\9_frequency_analysis.png,snp_cwt_plots\9_time_frequency.png
10,snp_cwt_images\10_cwt.png,snp_cwt_plots,snp_cwt_plots\10_frequency_analysis.png,snp_cwt_plots\10_time_frequency.png
11,snp_cwt_images\11_cwt.png,snp_cwt_plots,snp_cwt_plots\11_frequency_analysis.png,snp_cwt_plots\11_time_frequency.png
12,snp_cwt_images\12_cwt.png,snp_cwt_plots,snp_cwt_plots\12_frequency_analysis.png,snp_cwt_plots\12_time_frequency.png
13,snp_cwt_images\13_cwt.png,snp_cwt_plots,snp_cwt_plots\13_frequency_analysis.png,snp_cwt_plots\13_time_frequency.png
14,snp_cwt_images\14_cwt.png,snp_cwt_plots,snp_cwt_plots\14_frequency_analysis.png,snp_cwt_plots\14_time_frequency.png
15,snp_cwt_images\15_cwt.png,snp_cwt_plots,snp_cwt_plots\15_frequency_analysis.png,snp_cwt_plots\15_time_frequency.png
16,snp_cwt_images\16_cwt.png,snp_cwt_plots,snp_cwt_plots\16_frequency_analysis.png,snp_cwt_plots\16_time_frequency.png
17,snp_cwt_images\17_cwt.png,snp_cwt_plots,snp_cwt_plots\17_frequency_analysis.png,snp_cwt_plots\17_time_frequency.png
18,snp_cwt_images\18_cwt.png,snp_cwt_plots,snp_cwt_plots\18_frequency_analysis.png,snp_cwt_plots\18_time_frequency.png
19,snp_cwt_images\19_cwt.png,snp_cwt_plots,snp_cwt_plots\19_frequency_analysis.png,snp_cwt_plots\19_time_frequency.png
20,snp_cwt_images\20_cwt.png,snp_cwt_plots,snp_cwt_plots\20_frequency_analysis.png,snp_cwt_plots\20_time_frequency.png
21,snp_cwt_images\21_cwt.png,snp_cwt_plots,snp_cwt_plots\21_frequency_analysis.png,snp_cwt_plots\21_time_frequency.png
22,snp_cwt_images\22_cwt.png,snp_cwt_plots,snp_cwt_plots\22_frequency_analysis.png,snp_cwt_plots\22_time_frequency.png
23,snp_cwt_images\23_cwt.png,snp_cwt_plots,snp_cwt_plots\23_frequency_analysis.png,snp_cwt_plots\23_time_frequency.png
24,snp_cwt_images\24_cwt.png,snp_cwt_plots,snp_cwt_plots\24_frequency_analysis.png,snp_cwt_plots\24_time_frequency.png
25,snp_cwt_images\25_cwt.png,snp_cwt_plots,snp_cwt_plots\25_frequency_analysis.png,snp_cwt_plots\25_time_frequency.png
26,snp_cwt_images\26_cwt.png,snp_cwt_plots,snp_cwt_plots\26_frequency_analysis.png,snp_cwt_plots\26_time_frequency.png
27,snp_cwt_images\27_cwt.png,snp_cwt_plots,snp_cwt_plots\27_frequency_analysis.png,snp_cwt_plots\27_time_frequency.png
28,snp_cwt_images\28_cwt.png,snp_cwt_plots,snp_cwt_plots\28_frequency_analysis.png,snp_cwt_plots\28_time_frequency.png
29,snp_cwt_images\29_cwt.png,snp_cwt_plots,snp_cwt_plots\29_frequency_analysis.png,snp_cwt_plots\29_time_frequency.png
30,snp_cwt_images\30_cwt.png,snp_cwt_plots,snp_cwt_plots\30_frequency_analysis.png,snp_cwt_plots\30_time_frequency.png
31,snp_cwt_images\31_cwt.png,snp_cwt_plots,snp_cwt_plots\31_frequency_analysis.png,snp_cwt_plots\31_time_frequency.png
32,snp_cwt_images\32_cwt.png,snp_cwt_plots,snp_cwt_plots\32_frequency_analysis.png,snp_cwt_plots\32_time_frequency.png
33,snp_cwt_images\33_cwt.png,snp_cwt_plots,snp_cwt_plots\33_frequency_analysis.png,snp_cwt_plots\33_time_frequency.png
34,snp_cwt_images\34_cwt.png,snp_cwt_plots,snp_cwt_plots\34_frequency_analysis.png,snp_cwt_plots\34_time_frequency.png
35,snp_cwt_images\35_cwt.png,snp_cwt_plots,snp_cwt_plots\35_frequency_analysis.png,snp_cwt_plots\35_time_frequency.png
36,snp_cwt_images\36_cwt.png,snp_cwt_plots,snp_cwt_plots\36_frequency_analysis.png,snp_cwt_plots\36_time_frequency.png
37,snp_cwt_images\37_cwt.png,snp_cwt_plots,snp_cwt_plots\37_frequency_analysis.png,snp_cwt_plots\37_time_frequency.png
38,snp_cwt_images\38_cwt.png,snp_cwt_plots,snp_cwt_plots\38_frequency_analysis.png,snp_cwt_plots\38_time_frequency.png
39,snp_cwt_images\39_cwt.png,snp_cwt_plots,snp_cwt_plots\39_frequency_analysis.png,snp_cwt_plots\39_time_frequency.png
40,snp_cwt_images\40_cwt.png,snp_cwt_plots,snp_cwt_plots\40_frequency_analysis.png,snp_cwt_plots\40_time_frequency.png
41,snp_cwt_images\41_cwt.png,snp_cwt_plots,snp_cwt_plots\41_frequency_analysis.png,snp_cwt_plots\41_time_frequency.png
42,snp_cwt_images\42_cwt.png,snp_cwt_plots,snp_cwt_plots\42_frequency_analysis.png,snp_cwt_plots\42_time_frequency.png
43,snp_cwt_images\43_cwt.png,snp_cwt_plots,snp_cwt_plots\43_frequency_analysis.png,snp_cwt_plots\43_time_frequency.png
44,snp_cwt_images\44_cwt.png,snp_cwt_plots,snp_cwt_plots\44_frequency_analysis.png,snp_cwt_plots\44_time_frequency.png
45,snp_cwt_images\45_cwt.png,snp_cwt_plots,snp_cwt_plots\45_frequency_analysis.png,snp_cwt_plots\45_time_frequency.png
46,snp_cwt_images\46_cwt.png,snp_cwt_plots,snp_cwt_plots\46_frequency_analysis.png,snp_cwt_plots\46_time_frequency.png
47,snp_cwt_images\47_cwt.png,snp_cwt_plots,snp_cwt_plots\47_frequency_analysis.png,snp_cwt_plots\47_time_frequency.png
48,snp_cwt_images\48_cwt.png,snp_cwt_plots,snp_cwt_plots\48_frequency_analysis.png,snp_cwt_plots\48_time_frequency.png
49,snp_cwt_images\49_cwt.png,snp_cwt_plots,snp_cwt_plots\49_frequency_analysis.png,snp_cwt_plots\49_time_frequency.png
50,snp_cwt_images\50_cwt.png,snp_cwt_plots,snp_cwt_plots\50_frequency_analysis.png,snp_cwt_plots\50_time_frequency.png
51,snp_cwt_images\51_cwt.png,snp_cwt_plots,snp_cwt_plots\51_frequency_analysis.png,snp_cwt_plots\51_time_frequency.png
52,snp_cwt_images\52_cwt.png,snp_cwt_plots,snp_cwt_plots\52_frequency_analysis.png,snp_cwt_plots\52_time_frequency.png
53,snp_cwt_images\53_cwt.png,snp_cwt_plots,snp_cwt_plots\53_frequency_analysis.png,snp_cwt_plots\53_time_frequency.png
54,snp_cwt_images\54_cwt.png,snp_cwt_plots,snp_cwt_plots\54_frequency_analysis.png,snp_cwt_plots\54_time_frequency.png
55,snp_cwt_images\55_cwt.png,snp_cwt_plots,snp_cwt_plots\55_frequency_analysis.png,snp_cwt_plots\55_time_frequency.png
56,snp_cwt_images\56_cwt.png,snp_cwt_plots,snp_cwt_plots\56_frequency_analysis.png,snp_cwt_plots\56_time_frequency.png
57,snp_cwt_images\57_cwt.png,snp_cwt_plots,snp_cwt_plots\57_frequency_analysis.png,snp_cwt_plots\57_time_frequency.png
58,snp_cwt_images\58_cwt.png,snp_cwt_plots,snp_cwt_plots\58_frequency_analysis.png,snp_cwt_plots\58_time_frequency.png
59,snp_cwt_images\59_cwt.png,snp_cwt_plots,snp_cwt_plots\59_frequency_analysis.png,snp_cwt_plots\59_time_frequency.png
60,snp_cwt_images\60_cwt.png,snp_cwt_plots,snp_cwt_plots\60_frequency_analysis.png,snp_cwt_plots\60_time_frequency.png
61,snp_cwt_images\61_cwt.png,snp_cwt_plots,snp_cwt_plots\61_frequency_analysis.png,snp_cwt_plots\61_time_frequency.png
62,snp_cwt_images\62_cwt.png,snp_cwt_plots,snp_cwt_plots\62_frequency_analysis.png,snp_cwt_plots\62_time_frequency.png
63,snp_cwt_images\63_cwt.png,snp_cwt_plots,snp_cwt_plots\63_frequency_analysis.png,snp_cwt_plots\63_time_frequency.png
64,snp_cwt_images\64_cwt.png,snp_cwt_plots,snp_cwt_plots\64_frequency_analysis.png,snp_cwt_plots\64_time_frequency.png
65,snp_cwt_images\65_cwt.png,snp_cwt_plots,snp_cwt_plots\65_frequency_analysis.png,snp_cwt_plots\65_time_frequency.png
66,snp_cwt_images\66_cwt.png,snp_cwt_plots,snp_cwt_plots\66_frequency_analysis.png,snp_cwt_plots\66_time_frequency.png
67,snp_cwt_images\67_cwt.png,snp_cwt_plots,snp_cwt_plots\67_frequency_analysis.png,snp_cwt_plots\67_time_frequency.png
68,snp_cwt_images\68_cwt.png,snp_cwt_plots,snp_cwt_plots\68_frequency_analysis.png,snp_cwt_plots\68_time_frequency.png
69,snp_cwt_images\69_cwt.png,snp_cwt_plots,snp_cwt_plots\69_frequency_analysis.png,snp_cwt_plots\69_time_frequency.png
70,snp_cwt_images\70_cwt.png,snp_cwt_plots,snp_cwt_plots\70_frequency_analysis.png,snp_cwt_plots\70_time_frequency.png
71,snp_cwt_images\71_cwt.png,snp_cwt_plots,snp_cwt_plots\71_frequency_analysis.png,snp_cwt_plots\71_time_frequency.png
72,snp_cwt_images\72_cwt.png,snp_cwt_plots,snp_cwt_plots\72_frequency_analysis.png,snp_cwt_plots\72_time_frequency.png
73,snp_cwt_images\73_cwt.png,snp_cwt_plots,snp_cwt_plots\73_frequency_analysis.png,snp_cwt_plots\73_time_frequency.png
74,snp_cwt_images\74_cwt.png,snp_cwt_plots,snp_cwt_plots\74_frequency_analysis.png,snp_cwt_plots\74_time_frequency.png
75,snp_cwt_images\75_cwt.png,snp_cwt_plots,snp_cwt_plots\75_frequency_analysis.png,snp_cwt_plots\75_time_frequency.png
76,snp_cwt_images\76_cwt.png,snp_cwt_plots,snp_cwt_plots\76_frequency_analysis.png,snp_cwt_plots\76_time_frequency.png
77,snp_cwt_images\77_cwt.png,snp_cwt_plots,snp_cwt_plots\77_frequency_analysis.png,snp_cwt_plots\77_time_frequency.png
78,snp_cwt_images\78_cwt.png,snp_cwt_plots,snp_cwt_plots\78_frequency_analysis.png,snp_cwt_plots\78_time_frequency.png
79,snp_cwt_images\79_cwt.png,snp_cwt_plots,snp_cwt_plots\79_frequency_analysis.png,snp_cwt_plots\79_time_frequency.png
80,snp_cwt_images\80_cwt.png,snp_cwt_plots,snp_cwt_plots\80_frequency_analysis.png,snp_cwt_plots\80_time_frequency.png
81,snp_cwt_images\81_cwt.png,snp_cwt_plots,snp_cwt_plots\81_frequency_analysis.png,snp_cwt_plots\81_time_frequency.png
82,snp_cwt_images\82_cwt.png,snp_cwt_plots,snp_cwt_plots\82_frequency_analysis.png,snp_cwt_plots\82_time_frequency.png
83,snp_cwt_images\83_cwt.png,snp_cwt_plots,snp_cwt_plots\83_frequency_analysis.png,snp_cwt_plots\83_time_frequency.png
84,snp_cwt_images\84_cwt.png,snp_cwt_plots,snp_cwt_plots\84_frequency_analysis.png,snp_cwt_plots\84_time_frequency.png
85,snp_cwt_images\85_cwt.png,snp_cwt_plots,snp_cwt_plots\85_frequency_analysis.png,snp_cwt_plots\85_time_frequency.png
86,snp_cwt_images\86_cwt.png,snp_cwt_plots,snp_cwt_plots\86_frequency_analysis.png,snp_cwt_plots\86_time_frequency.png
87,snp_cwt_images\87_cwt.png,snp_cwt_plots,snp_cwt_plots\87_frequency_analysis.png,snp_cwt_plots\87_time_frequency.png
88,snp_cwt_images\88_cwt.png,snp_cwt_plots,snp_cwt_plots\88_frequency_analysis.png,snp_cwt_plots\88_time_frequency.png
89,snp_cwt_images\89_cwt.png,snp_cwt_plots,snp_cwt_plots\89_frequency_analysis.png,snp_cwt_plots\89_time_frequency.png
90,snp_cwt_images\90_cwt.png,snp_cwt_plots,snp_cwt_plots\90_frequency_analysis.png,snp_cwt_plots\90_time_frequency.png
91,snp_cwt_images\91_cwt.png,snp_cwt_plots,snp_cwt_plots\91_frequency_analysis.png,snp_cwt_plots\91_time_frequency.png
92,snp_cwt_images\92_cwt.png,snp_cwt_plots,snp_cwt_plots\92_frequency_analysis.png,snp_cwt_plots\92_time_frequency.png
93,snp_cwt_images\93_cwt.png,snp_cwt_plots,snp_cwt_plots\93_frequency_analysis.png,snp_cwt_plots\93_time_frequency.png
94,snp_cwt_images\94_cwt.png,snp_cwt_plots,snp_cwt_plots\94_frequency_analysis.png,snp_cwt_plots\94_time_frequency.png
95,snp_cwt_images\95_cwt.png,snp_cwt_plots,snp_cwt_plots\95_frequency_analysis.png,snp_cwt_plots\95_time_frequency.png
96,snp_cwt_images\96_cwt.png,snp_cwt_plots,snp_cwt_plots\96_frequency_analysis.png,snp_cwt_plots\96_time_frequency.png
97,snp_cwt_images\97_cwt.png,snp_cwt_plots,snp_cwt_plots\97_frequency_analysis.png,snp_cwt_plots\97_time_frequency.png
98,snp_cwt_images\98_cwt.png,snp_cwt_plots,snp_cwt_plots\98_frequency_analysis.png,snp_cwt_plots\98_time_frequency.png
99,snp_cwt_images\99_cwt.png,snp_cwt_plots,snp_cwt_plots\99_frequency_analysis.png,snp_cwt_plots\99_time_frequency.png
100,snp_cwt_images\100_cwt.png,snp_cwt_plots,snp_cwt_plots\100_frequency_analysis.png,snp_cwt_plots\100_time_frequency.png
101,snp_cwt_images\101_cwt.png,snp_cwt_plots,snp_cwt_plots\101_frequency_analysis.png,snp_cwt_plots\101_time_frequency.png
102,snp_cwt_images\102_cwt.png,snp_cwt_plots,snp_cwt_plots\102_frequency_analysis.png,snp_cwt_plots\102_time_frequency.png
103,snp_cwt_images\103_cwt.png,snp_cwt_plots,snp_cwt_plots\103_frequency_analysis.png,snp_cwt_plots\103_time_frequency.png
104,snp_cwt_images\104_cwt.png,snp_cwt_plots,snp_cwt_plots\104_frequency_analysis.png,snp_cwt_plots\104_time_frequency.png
105,snp_cwt_images\105_cwt.png,snp_cwt_plots,snp_cwt_plots\105_frequency_analysis.png,snp_cwt_plots\105_time_frequency.png
106,snp_cwt_images\106_cwt.png,snp_cwt_plots,snp_cwt_plots\106_frequency_analysis.png,snp_cwt_plots\106_time_frequency.png
107,snp_cwt_images\107_cwt.png,snp_cwt_plots,snp_cwt_plots\107_frequency_analysis.png,snp_cwt_plots\107_time_frequency.png
108,snp_cwt_images\108_cwt.png,snp_cwt_plots,snp_cwt_plots\108_frequency_analysis.png,snp_cwt_plots\108_time_frequency.png
109,snp_cwt_images\109_cwt.png,snp_cwt_plots,snp_cwt_plots\109_frequency_analysis.png,snp_cwt_plots\109_time_frequency.png
110,snp_cwt_images\110_cwt.png,snp_cwt_plots,snp_cwt_plots\110_frequency_analysis.png,snp_cwt_plots\110_time_frequency.png
111,snp_cwt_images\111_cwt.png,snp_cwt_plots,snp_cwt_plots\111_frequency_analysis.png,snp_cwt_plots\111_time_frequency.png
112,snp_cwt_images\112_cwt.png,snp_cwt_plots,snp_cwt_plots\112_frequency_analysis.png,snp_cwt_plots\112_time_frequency.png
113,snp_cwt_images\113_cwt.png,snp_cwt_plots,snp_cwt_plots\113_frequency_analysis.png,snp_cwt_plots\113_time_frequency.png
114,snp_cwt_images\114_cwt.png,snp_cwt_plots,snp_cwt_plots\114_frequency_analysis.png,snp_cwt_plots\114_time_frequency.png
115,snp_cwt_images\115_cwt.png,snp_cwt_plots,snp_cwt_plots\115_frequency_analysis.png,snp_cwt_plots\115_time_frequency.png
116,snp_cwt_images\116_cwt.png,snp_cwt_plots,snp_cwt_plots\116_frequency_analysis.png,snp_cwt_plots\116_time_frequency.png
117,snp_cwt_images\117_cwt.png,snp_cwt_plots,snp_cwt_plots\117_frequency_analysis.png,snp_cwt_plots\117_time_frequency.png
118,snp_cwt_images\118_cwt.png,snp_cwt_plots,snp_cwt_plots\118_frequency_analysis.png,snp_cwt_plots\118_time_frequency.png
119,snp_cwt_images\119_cwt.png,snp_cwt_plots,snp_cwt_plots\119_frequency_analysis.png,snp_cwt_plots\119_time_frequency.png
120,snp_cwt_images\120_cwt.png,snp_cwt_plots,snp_cwt_plots\120_frequency_analysis.png,snp_cwt_plots\120_time_frequency.png
121,snp_cwt_images\121_cwt.png,snp_cwt_plots,snp_cwt_plots\121_frequency_analysis.png,snp_cwt_plots\121_time_frequency.png
122,snp_cwt_images\122_cwt.png,snp_cwt_plots,snp_cwt_plots\122_frequency_analysis.png,snp_cwt_plots\122_time_frequency.png
123,snp_cwt_images\123_cwt.png,snp_cwt_plots,snp_cwt_plots\123_frequency_analysis.png,snp_cwt_plots\123_time_frequency.png
124,snp_cwt_images\124_cwt.png,snp_cwt_plots,snp_cwt_plots\124_frequency_analysis.png,snp_cwt_plots\124_time_frequency.png
125,snp_cwt_images\125_cwt.png,snp_cwt_plots,snp_cwt_plots\125_frequency_analysis.png,snp_cwt_plots\125_time_frequency.png
126,snp_cwt_images\126_cwt.png,snp_cwt_plots,snp_cwt_plots\126_frequency_analysis.png,snp_cwt_plots\126_time_frequency.png
127,snp_cwt_images\127_cwt.png,snp_cwt_plots,snp_cwt_plots\127_frequency_analysis.png,snp_cwt_plots\127_time_frequency.png
128,snp_cwt_images\128_cwt.png,snp_cwt_plots,snp_cwt_plots\128_frequency_analysis.png,snp_cwt_plots\128_time_frequency.png
129,snp_cwt_images\129_cwt.png,snp_cwt_plots,snp_cwt_plots\129_frequency_analysis.png,snp_cwt_plots\129_time_frequency.png
130,snp_cwt_images\130_cwt.png,snp_cwt_plots,snp_cwt_plots\130_frequency_analysis.png,snp_cwt_plots\130_time_frequency.png
131,snp_cwt_images\131_cwt.png,snp_cwt_plots,snp_cwt_plots\131_frequency_analysis.png,snp_cwt_plots\131_time_frequency.png
132,snp_cwt_images\132_cwt.png,snp_cwt_plots,snp_cwt_plots\132_frequency_analysis.png,snp_cwt_plots\132_time_frequency.png
133,snp_cwt_images\133_cwt.png,snp_cwt_plots,snp_cwt_plots\133_frequency_analysis.png,snp_cwt_plots\133_time_frequency.png
134,snp_cwt_images\134_cwt.png,snp_cwt_plots,snp_cwt_plots\134_frequency_analysis.png,snp_cwt_plots\134_time_frequency.png
135,snp_cwt_images\135_cwt.png,snp_cwt_plots,snp_cwt_plots\135_frequency_analysis.png,snp_cwt_plots\135_time_frequency.png
136,snp_cwt_images\136_cwt.png,snp_cwt_plots,snp_cwt_plots\136_frequency_analysis.png,snp_cwt_plots\136_time_frequency.png
137,snp_cwt_images\137_cwt.png,snp_cwt_plots,snp_cwt_plots\137_frequency_analysis.png,snp_cwt_plots\137_time_frequency.png
138,snp_cwt_images\138_cwt.png,snp_cwt_plots,snp_cwt_plots\138_frequency_analysis.png,snp_cwt_plots\138_time_frequency.png
139,snp_cwt_images\139_cwt.png,snp_cwt_plots,snp_cwt_plots\139_frequency_analysis.png,snp_cwt_plots\139_time_frequency.png
140,snp_cwt_images\140_cwt.png,snp_cwt_plots,snp_cwt_plots\140_frequency_analysis.png,snp_cwt_plots\140_time_frequency.png
141,snp_cwt_images\141_cwt.png,snp_cwt_plots,snp_cwt_plots\141_frequency_analysis.png,snp_cwt_plots\141_time_frequency.png
142,snp_cwt_images\142_cwt.png,snp_cwt_plots,snp_cwt_plots\142_frequency_analysis.png,snp_cwt_plots\142_time_frequency.png
143,snp_cwt_images\143_cwt.png,snp_cwt_plots,snp_cwt_plots\143_frequency_analysis.png,snp_cwt_plots\143_time_frequency.png
144,snp_cwt_images\144_cwt.png,snp_cwt_plots,snp_cwt_plots\144_frequency_analysis.png,snp_cwt_plots\144_time_frequency.png
145,snp_cwt_images\145_cwt.png,snp_cwt_plots,snp_cwt_plots\145_frequency_analysis.png,snp_cwt_plots\145_time_frequency.png
146,snp_cwt_images\146_cwt.png,snp_cwt_plots,snp_cwt_plots\146_frequency_analysis.png,snp_cwt_plots\146_time_frequency.png
147,snp_cwt_images\147_cwt.png,snp_cwt_plots,snp_cwt_plots\147_frequency_analysis.png,snp_cwt_plots\147_time_frequency.png
148,snp_cwt_images\148_cwt.png,snp_cwt_plots,snp_cwt_plots\148_frequency_analysis.png,snp_cwt_plots\148_time_frequency.png
149,snp_cwt_images\149_cwt.png,snp_cwt_plots,snp_cwt_plots\149_frequency_analysis.png,snp_cwt_plots\149_time_frequency.png
150,snp_cwt_images\150_cwt.png,snp_cwt_plots,snp_cwt_plots\150_frequency_analysis.png,snp_cwt_plots\150_time_frequency.png
151,snp_cwt_images\151_cwt.png,snp_cwt_plots,snp_cwt_plots\151_frequency_analysis.png,snp_cwt_plots\151_time_frequency.png
152,snp_cwt_images\152_cwt.png,snp_cwt_plots,snp_cwt_plots\152_frequency_analysis.png,snp_cwt_plots\152_time_frequency.png
153,snp_cwt_images\153_cwt.png,snp_cwt_plots,snp_cwt_plots\153_frequency_analysis.png,snp_cwt_plots\153_time_frequency.png
154,snp_cwt_images\154_cwt.png,snp_cwt_plots,snp_cwt_plots\154_frequency_analysis.png,snp_cwt_plots\154_time_frequency.png
155,snp_cwt_images\155_cwt.png,snp_cwt_plots,snp_cwt_plots\155_frequency_analysis.png,snp_cwt_plots\155_time_frequency.png
156,snp_cwt_images\156_cwt.png,snp_cwt_plots,snp_cwt_plots\156_frequency_analysis.png,snp_cwt_plots\156_time_frequency.png
157,snp_cwt_images\157_cwt.png,snp_cwt_plots,snp_cwt_plots\157_frequency_analysis.png,snp_cwt_plots\157_time_frequency.png
158,snp_cwt_images\158_cwt.png,snp_cwt_plots,snp_cwt_plots\158_frequency_analysis.png,snp_cwt_plots\158_time_frequency.png
159,snp_cwt_images\159_cwt.png,snp_cwt_plots,snp_cwt_plots\159_frequency_analysis.png,snp_cwt_plots\159_time_frequency.png
160,snp_cwt_images\160_cwt.png,snp_cwt_plots,snp_cwt_plots\160_frequency_analysis.png,snp_cwt_plots\160_time_frequency.png
161,snp_cwt_images\161_cwt.png,snp_cwt_plots,snp_cwt_plots\161_frequency_analysis.png,snp_cwt_plots\161_time_frequency.png
162,snp_cwt_images\162_cwt.png,snp_cwt_plots,snp_cwt_plots\162_frequency_analysis.png,snp_cwt_plots\162_time_frequency.png
163,snp_cwt_images\163_cwt.png,snp_cwt_plots,snp_cwt_plots\163_frequency_analysis.png,snp_cwt_plots\163_time_frequency.png
164,snp_cwt_images\164_cwt.png,snp_cwt_plots,snp_cwt_plots\164_frequency_analysis.png,snp_cwt_plots\164_time_frequency.png
165,snp_cwt_images\165_cwt.png,snp_cwt_plots,snp_cwt_plots\165_frequency_analysis.png,snp_cwt_plots\165_time_frequency.png
166,snp_cwt_images\166_cwt.png,snp_cwt_plots,snp_cwt_plots\166_frequency_analysis.png,snp_cwt_plots\166_time_frequency.png
167,snp_cwt_images\167_cwt.png,snp_cwt_plots,snp_cwt_plots\167_frequency_analysis.png,snp_cwt_plots\167_time_frequency.png
168,snp_cwt_images\168_cwt.png,snp_cwt_plots,snp_cwt_plots\168_frequency_analysis.png,snp_cwt_plots\168_time_frequency.png
169,snp_cwt_images\169_cwt.png,snp_cwt_plots,snp_cwt_plots\169_frequency_analysis.png,snp_cwt_plots\169_time_frequency.png
170,snp_cwt_images\170_cwt.png,snp_cwt_plots,snp_cwt_plots\170_frequency_analysis.png,snp_cwt_plots\170_time_frequency.png
171,snp_cwt_images\171_cwt.png,snp_cwt_plots,snp_cwt_plots\171_frequency_analysis.png,snp_cwt_plots\171_time_frequency.png
172,snp_cwt_images\172_cwt.png,snp_cwt_plots,snp_cwt_plots\172_frequency_analysis.png,snp_cwt_plots\172_time_frequency.png
173,snp_cwt_images\173_cwt.png,snp_cwt_plots,snp_cwt_plots\173_frequency_analysis.png,snp_cwt_plots\173_time_frequency.png
174,snp_cwt_images\174_cwt.png,snp_cwt_plots,snp_cwt_plots\174_frequency_analysis.png,snp_cwt_plots\174_time_frequency.png
175,snp_cwt_images\175_cwt.png,snp_cwt_plots,snp_cwt_plots\175_frequency_analysis.png,snp_cwt_plots\175_time_frequency.png
176,snp_cwt_images\176_cwt.png,snp_cwt_plots,snp_cwt_plots\176_frequency_analysis.png,snp_cwt_plots\176_time_frequency.png
177,snp_cwt_images\177_cwt.png,snp_cwt_plots,snp_cwt_plots\177_frequency_analysis.png,snp_cwt_plots\177_time_frequency.png
178,snp_cwt_images\178_cwt.png,snp_cwt_plots,snp_cwt_plots\178_frequency_analysis.png,snp_cwt_plots\178_time_frequency.png
179,snp_cwt_images\179_cwt.png,snp_cwt_plots,snp_cwt_plots\179_frequency_analysis.png,snp_cwt_plots\179_time_frequency.png
180,snp_cwt_images\180_cwt.png,snp_cwt_plots,snp_cwt_plots\180_frequency_analysis.png,snp_cwt_plots\180_time_frequency.png
181,snp_cwt_images\181_cwt.png,snp_cwt_plots,snp_cwt_plots\181_frequency_analysis.png,snp_cwt_plots\181_time_frequency.png
182,snp_cwt_images\182_cwt.png,snp_cwt_plots,snp_cwt_plots\182_frequency_analysis.png,snp_cwt_plots\182_time_frequency.png
183,snp_cwt_images\183_cwt.png,snp_cwt_plots,snp_cwt_plots\183_frequency_analysis.png,snp_cwt_plots\183_time_frequency.png
184,snp_cwt_images\184_cwt.png,snp_cwt_plots,snp_cwt_plots\184_frequency_analysis.png,snp_cwt_plots\184_time_frequency.png
185,snp_cwt_images\185_cwt.png,snp_cwt_plots,snp_cwt_plots\185_frequency_analysis.png,snp_cwt_plots\185_time_frequency.png
186,snp_cwt_images\186_cwt.png,snp_cwt_plots,snp_cwt_plots\186_frequency_analysis.png,snp_cwt_plots\186_time_frequency.png
187,snp_cwt_images\187_cwt.png,snp_cwt_plots,snp_cwt_plots\187_frequency_analysis.png,snp_cwt_plots\187_time_frequency.png
188,snp_cwt_images\188_cwt.png,snp_cwt_plots,snp_cwt_plots\188_frequency_analysis.png,snp_cwt_plots\188_time_frequency.png
189,snp_cwt_images\189_cwt.png,snp_cwt_plots,snp_cwt_plots\189_frequency_analysis.png,snp_cwt_plots\189_time_frequency.png
190,snp_cwt_images\190_cwt.png,snp_cwt_plots,snp_cwt_plots\190_frequency_analysis.png,snp_cwt_plots\190_time_frequency.png
191,snp_cwt_images\191_cwt.png,snp_cwt_plots,snp_cwt_plots\191_frequency_analysis.png,snp_cwt_plots\191_time_frequency.png
192,snp_cwt_images\192_cwt.png,snp_cwt_plots,snp_cwt_plots\192_frequency_analysis.png,snp_cwt_plots\192_time_frequency.png
193,snp_cwt_images\193_cwt.png,snp_cwt_plots,snp_cwt_plots\193_frequency_analysis.png,snp_cwt_plots\193_time_frequency.png
194,snp_cwt_images\194_cwt.png,snp_cwt_plots,snp_cwt_plots\194_frequency_analysis.png,snp_cwt_plots\194_time_frequency.png
195,snp_cwt_images\195_cwt.png,snp_cwt_plots,snp_cwt_plots\195_frequency_analysis.png,snp_cwt_plots\195_time_frequency.png
196,snp_cwt_images\196_cwt.png,snp_cwt_plots,snp_cwt_plots\196_frequency_analysis.png,snp_cwt_plots\196_time_frequency.png
197,snp_cwt_images\197_cwt.png,snp_cwt_plots,snp_cwt_plots\197_frequency_analysis.png,snp_cwt_plots\197_time_frequency.png
198,snp_cwt_images\198_cwt.png,snp_cwt_plots,snp_cwt_plots\198_frequency_analysis.png,snp_cwt_plots\198_time_frequency.png
199,snp_cwt_images\199_cwt.png,snp_cwt_plots,snp_cwt_plots\199_frequency_analysis.png,snp_cwt_plots\199_time_frequency.png
200,snp_cwt_images\200_cwt.png,snp_cwt_plots,snp_cwt_plots\200_frequency_analysis.png,snp_cwt_plots\200_time_frequency.png
201,snp_cwt_images\201_cwt.png,snp_cwt_plots,snp_cwt_plots\201_frequency_analysis.png,snp_cwt_plots\201_time_frequency.png
202,snp_cwt_images\202_cwt.png,snp_cwt_plots,snp_cwt_plots\202_frequency_analysis.png,snp_cwt_plots\202_time_frequency.png
203,snp_cwt_images\203_cwt.png,snp_cwt_plots,snp_cwt_plots\203_frequency_analysis.png,snp_cwt_plots\203_time_frequency.png
204,snp_cwt_images\204_cwt.png,snp_cwt_plots,snp_cwt_plots\204_frequency_analysis.png,snp_cwt_plots\204_time_frequency.png
205,snp_cwt_images\205_cwt.png,snp_cwt_plots,snp_cwt_plots\205_frequency_analysis.png,snp_cwt_plots\205_time_frequency.png
206,snp_cwt_images\206_cwt.png,snp_cwt_plots,snp_cwt_plots\206_frequency_analysis.png,snp_cwt_plots\206_time_frequency.png
207,snp_cwt_images\207_cwt.png,snp_cwt_plots,snp_cwt_plots\207_frequency_analysis.png,snp_cwt_plots\207_time_frequency.png
208,snp_cwt_images\208_cwt.png,snp_cwt_plots,snp_cwt_plots\208_frequency_analysis.png,snp_cwt_plots\208_time_frequency.png
209,snp_cwt_images\209_cwt.png,snp_cwt_plots,snp_cwt_plots\209_frequency_analysis.png,snp_cwt_plots\209_time_frequency.png
210,snp_cwt_images\210_cwt.png,snp_cwt_plots,snp_cwt_plots\210_frequency_analysis.png,snp_cwt_plots\210_time_frequency.png
211,snp_cwt_images\211_cwt.png,snp_cwt_plots,snp_cwt_plots\211_frequency_analysis.png,snp_cwt_plots\211_time_frequency.png
212,snp_cwt_images\212_cwt.png,snp_cwt_plots,snp_cwt_plots\212_frequency_analysis.png,snp_cwt_plots\212_time_frequency.png
213,snp_cwt_images\213_cwt.png,snp_cwt_plots,snp_cwt_plots\213_frequency_analysis.png,snp_cwt_plots\213_time_frequency.png
214,snp_cwt_images\214_cwt.png,snp_cwt_plots,snp_cwt_plots\214_frequency_analysis.png,snp_cwt_plots\214_time_frequency.png
215,snp_cwt_images\215_cwt.png,snp_cwt_plots,snp_cwt_plots\215_frequency_analysis.png,snp_cwt_plots\215_time_frequency.png
216,snp_cwt_images\216_cwt.png,snp_cwt_plots,snp_cwt_plots\216_frequency_analysis.png,snp_cwt_plots\216_time_frequency.png
217,snp_cwt_images\217_cwt.png,snp_cwt_plots,snp_cwt_plots\217_frequency_analysis.png,snp_cwt_plots\217_time_frequency.png
218,snp_cwt_images\218_cwt.png,snp_cwt_plots,snp_cwt_plots\218_frequency_analysis.png,snp_cwt_plots\218_time_frequency.png
219,snp_cwt_images\219_cwt.png,snp_cwt_plots,snp_cwt_plots\219_frequency_analysis.png,snp_cwt_plots\219_time_frequency.png
220,snp_cwt_images\220_cwt.png,snp_cwt_plots,snp_cwt_plots\220_frequency_analysis.png,snp_cwt_plots\220_time_frequency.png
221,snp_cwt_images\221_cwt.png,snp_cwt_plots,snp_cwt_plots\221_frequency_analysis.png,snp_cwt_plots\221_time_frequency.png
222,snp_cwt_images\222_cwt.png,snp_cwt_plots,snp_cwt_plots\222_frequency_analysis.png,snp_cwt_plots\222_time_frequency.png
223,snp_cwt_images\223_cwt.png,snp_cwt_plots,snp_cwt_plots\223_frequency_analysis.png,snp_cwt_plots\223_time_frequency.png
224,snp_cwt_images\224_cwt.png,snp_cwt_plots,snp_cwt_plots\224_frequency_analysis.png,snp_cwt_plots\224_time_frequency.png
225,snp_cwt_images\225_cwt.png,snp_cwt_plots,snp_cwt_plots\225_frequency_analysis.png,snp_cwt_plots\225_time_frequency.png
226,snp_cwt_images\226_cwt.png,snp_cwt_plots,snp_cwt_plots\226_frequency_analysis.png,snp_cwt_plots\226_time_frequency.png
227,snp_cwt_images\227_cwt.png,snp_cwt_plots,snp_cwt_plots\227_frequency_analysis.png,snp_cwt_plots\227_time_frequency.png
228,snp_cwt_images\228_cwt.png,snp_cwt_plots,snp_cwt_plots\228_frequency_analysis.png,snp_cwt_plots\228_time_frequency.png
229,snp_cwt_images\229_cwt.png,snp_cwt_plots,snp_cwt_plots\229_frequency_analysis.png,snp_cwt_plots\229_time_frequency.png
230,snp_cwt_images\230_cwt.png,snp_cwt_plots,snp_cwt_plots\230_frequency_analysis.png,snp_cwt_plots\230_time_frequency.png
231,snp_cwt_images\231_cwt.png,snp_cwt_plots,snp_cwt_plots\231_frequency_analysis.png,snp_cwt_plots\231_time_frequency.png
232,snp_cwt_images\232_cwt.png,snp_cwt_plots,snp_cwt_plots\232_frequency_analysis.png,snp_cwt_plots\232_time_frequency.png
233,snp_cwt_images\233_cwt.png,snp_cwt_plots,snp_cwt_plots\233_frequency_analysis.png,snp_cwt_plots\233_time_frequency.png
234,snp_cwt_images\234_cwt.png,snp_cwt_plots,snp_cwt_plots\234_frequency_analysis.png,snp_cwt_plots\234_time_frequency.png
235,snp_cwt_images\235_cwt.png,snp_cwt_plots,snp_cwt_plots\235_frequency_analysis.png,snp_cwt_plots\235_time_frequency.png
236,snp_cwt_images\236_cwt.png,snp_cwt_plots,snp_cwt_plots\236_frequency_analysis.png,snp_cwt_plots\236_time_frequency.png
237,snp_cwt_images\237_cwt.png,snp_cwt_plots,snp_cwt_plots\237_frequency_analysis.png,snp_cwt_plots\237_time_frequency.png
238,snp_cwt_images\238_cwt.png,snp_cwt_plots,snp_cwt_plots\238_frequency_analysis.png,snp_cwt_plots\238_time_frequency.png
239,snp_cwt_images\239_cwt.png,snp_cwt_plots,snp_cwt_plots\239_frequency_analysis.png,snp_cwt_plots\239_time_frequency.png
240,snp_cwt_images\240_cwt.png,snp_cwt_plots,snp_cwt_plots\240_frequency_analysis.png,snp_cwt_plots\240_time_frequency.png
241,snp_cwt_images\241_cwt.png,snp_cwt_plots,snp_cwt_plots\241_frequency_analysis.png,snp_cwt_plots\241_time_frequency.png
242,snp_cwt_images\242_cwt.png,snp_cwt_plots,snp_cwt_plots\242_frequency_analysis.png,snp_cwt_plots\242_time_frequency.png
243,snp_cwt_images\243_cwt.png,snp_cwt_plots,snp_cwt_plots\243_frequency_analysis.png,snp_cwt_plots\243_time_frequency.png
244,snp_cwt_images\244_cwt.png,snp_cwt_plots,snp_cwt_plots\244_frequency_analysis.png,snp_cwt_plots\244_time_frequency.png
245,snp_cwt_images\245_cwt.png,snp_cwt_plots,snp_cwt_plots\245_frequency_analysis.png,snp_cwt_plots\245_time_frequency.png
246,snp_cwt_images\246_cwt.png,snp_cwt_plots,snp_cwt_plots\246_frequency_analysis.png,snp_cwt_plots\246_time_frequency.png
247,snp_cwt_images\247_cwt.png,snp_cwt_plots,snp_cwt_plots\247_frequency_analysis.png,snp_cwt_plots\247_time_frequency.png
248,snp_cwt_images\248_cwt.png,snp_cwt_plots,snp_cwt_plots\248_frequency_analysis.png,snp_cwt_plots\248_time_frequency.png
249,snp_cwt_images\249_cwt.png,snp_cwt_plots,snp_cwt_plots\249_frequency_analysis.png,snp_cwt_plots\249_time_frequency.png
250,snp_cwt_images\250_cwt.png,snp_cwt_plots,snp_cwt_plots\250_frequency_analysis.png,snp_cwt_plots\250_time_frequency.png
251,snp_cwt_images\251_cwt.png,snp_cwt_plots,snp_cwt_plots\251_frequency_analysis.png,snp_cwt_plots\251_time_frequency.png
252,snp_cwt_images\252_cwt.png,snp_cwt_plots,snp_cwt_plots\252_frequency_analysis.png,snp_cwt_plots\252_time_frequency.png
253,snp_cwt_images\253_cwt.png,snp_cwt_plots,snp_cwt_plots\253_frequency_analysis.png,snp_cwt_plots\253_time_frequency.png
254,snp_cwt_images\254_cwt.png,snp_cwt_plots,snp_cwt_plots\254_frequency_analysis.png,snp_cwt_plots\254_time_frequency.png
255,snp_cwt_images\255_cwt.png,snp_cwt_plots,snp_cwt_plots\255_frequency_analysis.png,snp_cwt_plots\255_time_frequency.png
256,snp_cwt_images\256_cwt.png,snp_cwt_plots,snp_cwt_plots\256_frequency_analysis.png,snp_cwt_plots\256_time_frequency.png
257,snp_cwt_images\257_cwt.png,snp_cwt_plots,snp_cwt_plots\257_frequency_analysis.png,snp_cwt_plots\257_time_frequency.png
258,snp_cwt_images\258_cwt.png,snp_cwt_plots,snp_cwt_plots\258_frequency_analysis.png,snp_cwt_plots\258_time_frequency.png
259,snp_cwt_images\259_cwt.png,snp_cwt_plots,snp_cwt_plots\259_frequency_analysis.png,snp_cwt_plots\259_time_frequency.png
260,snp_cwt_images\260_cwt.png,snp_cwt_plots,snp_cwt_plots\260_frequency_analysis.png,snp_cwt_plots\260_time_frequency.png
261,snp_cwt_images\261_cwt.png,snp_cwt_plots,snp_cwt_plots\261_frequency_analysis.png,snp_cwt_plots\261_time_frequency.png
262,snp_cwt_images\262_cwt.png,snp_cwt_plots,snp_cwt_plots\262_frequency_analysis.png,snp_cwt_plots\262_time_frequency.png
263,snp_cwt_images\263_cwt.png,snp_cwt_plots,snp_cwt_plots\263_frequency_analysis.png,snp_cwt_plots\263_time_frequency.png
264,snp_cwt_images\264_cwt.png,snp_cwt_plots,snp_cwt_plots\264_frequency_analysis.png,snp_cwt_plots\264_time_frequency.png
265,snp_cwt_images\265_cwt.png,snp_cwt_plots,snp_cwt_plots\265_frequency_analysis.png,snp_cwt_plots\265_time_frequency.png
266,snp_cwt_images\266_cwt.png,snp_cwt_plots,snp_cwt_plots\266_frequency_analysis.png,snp_cwt_plots\266_time_frequency.png
267,snp_cwt_images\267_cwt.png,snp_cwt_plots,snp_cwt_plots\267_frequency_analysis.png,snp_cwt_plots\267_time_frequency.png
268,snp_cwt_images\268_cwt.png,snp_cwt_plots,snp_cwt_plots\268_frequency_analysis.png,snp_cwt_plots\268_time_frequency.png
269,snp_cwt_images\269_cwt.png,snp_cwt_plots,snp_cwt_plots\269_frequency_analysis.png,snp_cwt_plots\269_time_frequency.png
270,snp_cwt_images\270_cwt.png,snp_cwt_plots,snp_cwt_plots\270_frequency_analysis.png,snp_cwt_plots\270_time_frequency.png
271,snp_cwt_images\271_cwt.png,snp_cwt_plots,snp_cwt_plots\271_frequency_analysis.png,snp_cwt_plots\271_time_frequency.png
272,snp_cwt_images\272_cwt.png,snp_cwt_plots,snp_cwt_plots\272_frequency_analysis.png,snp_cwt_plots\272_time_frequency.png
273,snp_cwt_images\273_cwt.png,snp_cwt_plots,snp_cwt_plots\273_frequency_analysis.png,snp_cwt_plots\273_time_frequency.png
274,snp_cwt_images\274_cwt.png,snp_cwt_plots,snp_cwt_plots\274_frequency_analysis.png,snp_cwt_plots\274_time_frequency.png
275,snp_cwt_images\275_cwt.png,snp_cwt_plots,snp_cwt_plots\275_frequency_analysis.png,snp_cwt_plots\275_time_frequency.png
276,snp_cwt_images\276_cwt.png,snp_cwt_plots,snp_cwt_plots\276_frequency_analysis.png,snp_cwt_plots\276_time_frequency.png
277,snp_cwt_images\277_cwt.png,snp_cwt_plots,snp_cwt_plots\277_frequency_analysis.png,snp_cwt_plots\277_time_frequency.png
278,snp_cwt_images\278_cwt.png,snp_cwt_plots,snp_cwt_plots\278_frequency_analysis.png,snp_cwt_plots\278_time_frequency.png
279,snp_cwt_images\279_cwt.png,snp_cwt_plots,snp_cwt_plots\279_frequency_analysis.png,snp_cwt_plots\279_time_frequency.png
280,snp_cwt_images\280_cwt.png,snp_cwt_plots,snp_cwt_plots\280_frequency_analysis.png,snp_cwt_plots\280_time_frequency.png
281,snp_cwt_images\281_cwt.png,snp_cwt_plots,snp_cwt_plots\281_frequency_analysis.png,snp_cwt_plots\281_time_frequency.png
282,snp_cwt_images\282_cwt.png,snp_cwt_plots,snp_cwt_plots\282_frequency_analysis.png,snp_cwt_plots\282_time_frequency.png
283,snp_cwt_images\283_cwt.png,snp_cwt_plots,snp_cwt_plots\283_frequency_analysis.png,snp_cwt_plots\283_time_frequency.png
284,snp_cwt_images\284_cwt.png,snp_cwt_plots,snp_cwt_plots\284_frequency_analysis.png,snp_cwt_plots\284_time_frequency.png
285,snp_cwt_images\285_cwt.png,snp_cwt_plots,snp_cwt_plots\285_frequency_analysis.png,snp_cwt_plots\285_time_frequency.png
286,snp_cwt_images\286_cwt.png,snp_cwt_plots,snp_cwt_plots\286_frequency_analysis.png,snp_cwt_plots\286_time_frequency.png
287,snp_cwt_images\287_cwt.png,snp_cwt_plots,snp_cwt_plots\287_frequency_analysis.png,snp_cwt_plots\287_time_frequency.png
288,snp_cwt_images\288_cwt.png,snp_cwt_plots,snp_cwt_plots\288_frequency_analysis.png,snp_cwt_plots\288_time_frequency.png
289,snp_cwt_images\289_cwt.png,snp_cwt_plots,snp_cwt_plots\289_frequency_analysis.png,snp_cwt_plots\289_time_frequency.png
290,snp_cwt_images\290_cwt.png,snp_cwt_plots,snp_cwt_plots\290_frequency_analysis.png,snp_cwt_plots\290_time_frequency.png
291,snp_cwt_images\291_cwt.png,snp_cwt_plots,snp_cwt_plots\291_frequency_analysis.png,snp_cwt_plots\291_time_frequency.png
292,snp_cwt_images\292_cwt.png,snp_cwt_plots,snp_cwt_plots\292_frequency_analysis.png,snp_cwt_plots\292_time_frequency.png
293,snp_cwt_images\293_cwt.png,snp_cwt_plots,snp_cwt_plots\293_frequency_analysis.png,snp_cwt_plots\293_time_frequency.png
294,snp_cwt_images\294_cwt.png,snp_cwt_plots,snp_cwt_plots\294_frequency_analysis.png,snp_cwt_plots\294_time_frequency.png
295,snp_cwt_images\295_cwt.png,snp_cwt_plots,snp_cwt_plots\295_frequency_analysis.png,snp_cwt_plots\295_time_frequency.png
296,snp_cwt_images\296_cwt.png,snp_cwt_plots,snp_cwt_plots\296_frequency_analysis.png,snp_cwt_plots\296_time_frequency.png
297,snp_cwt_images\297_cwt.png,snp_cwt_plots,snp_cwt_plots\297_frequency_analysis.png,snp_cwt_plots\297_time_frequency.png
298,snp_cwt_images\298_cwt.png,snp_cwt_plots,snp_cwt_plots\298_frequency_analysis.png,snp_cwt_plots\298_time_frequency.png
299,snp_cwt_images\299_cwt.png,snp_cwt_plots,snp_cwt_plots\299_frequency_analysis.png,snp_cwt_plots\299_time_frequency.png
300,snp_cwt_images\300_cwt.png,snp_cwt_plots,snp_cwt_plots\300_frequency_analysis.png,snp_cwt_plots\300_time_frequency.png
301,snp_cwt_images\301_cwt.png,snp_cwt_plots,snp_cwt_plots\301_frequency_analysis.png,snp_cwt_plots\301_time_frequency.png
302,snp_cwt_images\302_cwt.png,snp_cwt_plots,snp_cwt_plots\302_frequency_analysis.png,snp_cwt_plots\302_time_frequency.png
303,snp_cwt_images\303_cwt.png,snp_cwt_plots,snp_cwt_plots\303_frequency_analysis.png,snp_cwt_plots\303_time_frequency.png
304,snp_cwt_images\304_cwt.png,snp_cwt_plots,snp_cwt_plots\304_frequency_analysis.png,snp_cwt_plots\304_time_frequency.png
305,snp_cwt_images\305_cwt.png,snp_cwt_plots,snp_cwt_plots\305_frequency_analysis.png,snp_cwt_plots\305_time_frequency.png
306,snp_cwt_images\306_cwt.png,snp_cwt_plots,snp_cwt_plots\306_frequency_analysis.png,snp_cwt_plots\306_time_frequency.png
307,snp_cwt_images\307_cwt.png,snp_cwt_plots,snp_cwt_plots\307_frequency_analysis.png,snp_cwt_plots\307_time_frequency.png
308,snp_cwt_images\308_cwt.png,snp_cwt_plots,snp_cwt_plots\308_frequency_analysis.png,snp_cwt_plots\308_time_frequency.png
309,snp_cwt_images\309_cwt.png,snp_cwt_plots,snp_cwt_plots\309_frequency_analysis.png,snp_cwt_plots\309_time_frequency.png
310,snp_cwt_images\310_cwt.png,snp_cwt_plots,snp_cwt_plots\310_frequency_analysis.png,snp_cwt_plots\310_time_frequency.png
311,snp_cwt_images\311_cwt.png,snp_cwt_plots,snp_cwt_plots\311_frequency_analysis.png,snp_cwt_plots\311_time_frequency.png
312,snp_cwt_images\312_cwt.png,snp_cwt_plots,snp_cwt_plots\312_frequency_analysis.png,snp_cwt_plots\312_time_frequency.png
313,snp_cwt_images\313_cwt.png,snp_cwt_plots,snp_cwt_plots\313_frequency_analysis.png,snp_cwt_plots\313_time_frequency.png
314,snp_cwt_images\314_cwt.png,snp_cwt_plots,snp_cwt_plots\314_frequency_analysis.png,snp_cwt_plots\314_time_frequency.png
315,snp_cwt_images\315_cwt.png,snp_cwt_plots,snp_cwt_plots\315_frequency_analysis.png,snp_cwt_plots\315_time_frequency.png
316,snp_cwt_images\316_cwt.png,snp_cwt_plots,snp_cwt_plots\316_frequency_analysis.png,snp_cwt_plots\316_time_frequency.png
317,snp_cwt_images\317_cwt.png,snp_cwt_plots,snp_cwt_plots\317_frequency_analysis.png,snp_cwt_plots\317_time_frequency.png
318,snp_cwt_images\318_cwt.png,snp_cwt_plots,snp_cwt_plots\318_frequency_analysis.png,snp_cwt_plots\318_time_frequency.png
319,snp_cwt_images\319_cwt.png,snp_cwt_plots,snp_cwt_plots\319_frequency_analysis.png,snp_cwt_plots\319_time_frequency.png
320,snp_cwt_images\320_cwt.png,snp_cwt_plots,snp_cwt_plots\320_frequency_analysis.png,snp_cwt_plots\320_time_frequency.png
321,snp_cwt_images\321_cwt.png,snp_cwt_plots,snp_cwt_plots\321_frequency_analysis.png,snp_cwt_plots\321_time_frequency.png
322,snp_cwt_images\322_cwt.png,snp_cwt_plots,snp_cwt_plots\322_frequency_analysis.png,snp_cwt_plots\322_time_frequency.png
323,snp_cwt_images\323_cwt.png,snp_cwt_plots,snp_cwt_plots\323_frequency_analysis.png,snp_cwt_plots\323_time_frequency.png
324,snp_cwt_images\324_cwt.png,snp_cwt_plots,snp_cwt_plots\324_frequency_analysis.png,snp_cwt_plots\324_time_frequency.png
325,snp_cwt_images\325_cwt.png,snp_cwt_plots,snp_cwt_plots\325_frequency_analysis.png,snp_cwt_plots\325_time_frequency.png
326,snp_cwt_images\326_cwt.png,snp_cwt_plots,snp_cwt_plots\326_frequency_analysis.png,snp_cwt_plots\326_time_frequency.png
327,snp_cwt_images\327_cwt.png,snp_cwt_plots,snp_cwt_plots\327_frequency_analysis.png,snp_cwt_plots\327_time_frequency.png
328,snp_cwt_images\328_cwt.png,snp_cwt_plots,snp_cwt_plots\328_frequency_analysis.png,snp_cwt_plots\328_time_frequency.png
329,snp_cwt_images\329_cwt.png,snp_cwt_plots,snp_cwt_plots\329_frequency_analysis.png,snp_cwt_plots\329_time_frequency.png
330,snp_cwt_images\330_cwt.png,snp_cwt_plots,snp_cwt_plots\330_frequency_analysis.png,snp_cwt_plots\330_time_frequency.png
331,snp_cwt_images\331_cwt.png,snp_cwt_plots,snp_cwt_plots\331_frequency_analysis.png,snp_cwt_plots\331_time_frequency.png
332,snp_cwt_images\332_cwt.png,snp_cwt_plots,snp_cwt_plots\332_frequency_analysis.png,snp_cwt_plots\332_time_frequency.png
333,snp_cwt_images\333_cwt.png,snp_cwt_plots,snp_cwt_plots\333_frequency_analysis.png,snp_cwt_plots\333_time_frequency.png
334,snp_cwt_images\334_cwt.png,snp_cwt_plots,snp_cwt_plots\334_frequency_analysis.png,snp_cwt_plots\334_time_frequency.png
335,snp_cwt_images\335_cwt.png,snp_cwt_plots,snp_cwt_plots\335_frequency_analysis.png,snp_cwt_plots\335_time_frequency.png
336,snp_cwt_images\336_cwt.png,snp_cwt_plots,snp_cwt_plots\336_frequency_analysis.png,snp_cwt_plots\336_time_frequency.png
337,snp_cwt_images\337_cwt.png,snp_cwt_plots,snp_cwt_plots\337_frequency_analysis.png,snp_cwt_plots\337_time_frequency.png
338,snp_cwt_images\338_cwt.png,snp_cwt_plots,snp_cwt_plots\338_frequency_analysis.png,snp_cwt_plots\338_time_frequency.png
339,snp_cwt_images\339_cwt.png,snp_cwt_plots,snp_cwt_plots\339_frequency_analysis.png,snp_cwt_plots\339_time_frequency.png
340,snp_cwt_images\340_cwt.png,snp_cwt_plots,snp_cwt_plots\340_frequency_analysis.png,snp_cwt_plots\340_time_frequency.png
341,snp_cwt_images\341_cwt.png,snp_cwt_plots,snp_cwt_plots\341_frequency_analysis.png,snp_cwt_plots\341_time_frequency.png
342,snp_cwt_images\342_cwt.png,snp_cwt_plots,snp_cwt_plots\342_frequency_analysis.png,snp_cwt_plots\342_time_frequency.png
343,snp_cwt_images\343_cwt.png,snp_cwt_plots,snp_cwt_plots\343_frequency_analysis.png,snp_cwt_plots\343_time_frequency.png
344,snp_cwt_images\344_cwt.png,snp_cwt_plots,snp_cwt_plots\344_frequency_analysis.png,snp_cwt_plots\344_time_frequency.png
345,snp_cwt_images\345_cwt.png,snp_cwt_plots,snp_cwt_plots\345_frequency_analysis.png,snp_cwt_plots\345_time_frequency.png
346,snp_cwt_images\346_cwt.png,snp_cwt_plots,snp_cwt_plots\346_frequency_analysis.png,snp_cwt_plots\346_time_frequency.png
347,snp_cwt_images\347_cwt.png,snp_cwt_plots,snp_cwt_plots\347_frequency_analysis.png,snp_cwt_plots\347_time_frequency.png
348,snp_cwt_images\348_cwt.png,snp_cwt_plots,snp_cwt_plots\348_frequency_analysis.png,snp_cwt_plots\348_time_frequency.png
349,snp_cwt_images\349_cwt.png,snp_cwt_plots,snp_cwt_plots\349_frequency_analysis.png,snp_cwt_plots\349_time_frequency.png
350,snp_cwt_images\350_cwt.png,snp_cwt_plots,snp_cwt_plots\350_frequency_analysis.png,snp_cwt_plots\350_time_frequency.png
351,snp_cwt_images\351_cwt.png,snp_cwt_plots,snp_cwt_plots\351_frequency_analysis.png,snp_cwt_plots\351_time_frequency.png
352,snp_cwt_images\352_cwt.png,snp_cwt_plots,snp_cwt_plots\352_frequency_analysis.png,snp_cwt_plots\352_time_frequency.png
353,snp_cwt_images\353_cwt.png,snp_cwt_plots,snp_cwt_plots\353_frequency_analysis.png,snp_cwt_plots\353_time_frequency.png
354,snp_cwt_images\354_cwt.png,snp_cwt_plots,snp_cwt_plots\354_frequency_analysis.png,snp_cwt_plots\354_time_frequency.png
355,snp_cwt_images\355_cwt.png,snp_cwt_plots,snp_cwt_plots\355_frequency_analysis.png,snp_cwt_plots\355_time_frequency.png
356,snp_cwt_images\356_cwt.png,snp_cwt_plots,snp_cwt_plots\356_frequency_analysis.png,snp_cwt_plots\356_time_frequency.png
357,snp_cwt_images\357_cwt.png,snp_cwt_plots,snp_cwt_plots\357_frequency_analysis.png,snp_cwt_plots\357_time_frequency.png
358,snp_cwt_images\358_cwt.png,snp_cwt_plots,snp_cwt_plots\358_frequency_analysis.png,snp_cwt_plots\358_time_frequency.png
359,snp_cwt_images\359_cwt.png,snp_cwt_plots,snp_cwt_plots\359_frequency_analysis.png,snp_cwt_plots\359_time_frequency.png
360,snp_cwt_images\360_cwt.png,snp_cwt_plots,snp_cwt_plots\360_frequency_analysis.png,snp_cwt_plots\360_time_frequency.png
361,snp_cwt_images\361_cwt.png,snp_cwt_plots,snp_cwt_plots\361_frequency_analysis.png,snp_cwt_plots\361_time_frequency.png
362,snp_cwt_images\362_cwt.png,snp_cwt_plots,snp_cwt_plots\362_frequency_analysis.png,snp_cwt_plots\362_time_frequency.png
363,snp_cwt_images\363_cwt.png,snp_cwt_plots,snp_cwt_plots\363_frequency_analysis.png,snp_cwt_plots\363_time_frequency.png
364,snp_cwt_images\364_cwt.png,snp_cwt_plots,snp_cwt_plots\364_frequency_analysis.png,snp_cwt_plots\364_time_frequency.png
365,snp_cwt_images\365_cwt.png,snp_cwt_plots,snp_cwt_plots\365_frequency_analysis.png,snp_cwt_plots\365_time_frequency.png
366,snp_cwt_images\366_cwt.png,snp_cwt_plots,snp_cwt_plots\366_frequency_analysis.png,snp_cwt_plots\366_time_frequency.png
367,snp_cwt_images\367_cwt.png,snp_cwt_plots,snp_cwt_plots\367_frequency_analysis.png,snp_cwt_plots\367_time_frequency.png
368,snp_cwt_images\368_cwt.png,snp_cwt_plots,snp_cwt_plots\368_frequency_analysis.png,snp_cwt_plots\368_time_frequency.png
369,snp_cwt_images\369_cwt.png,snp_cwt_plots,snp_cwt_plots\369_frequency_analysis.png,snp_cwt_plots\369_time_frequency.png
370,snp_cwt_images\370_cwt.png,snp_cwt_plots,snp_cwt_plots\370_frequency_analysis.png,snp_cwt_plots\370_time_frequency.png
371,snp_cwt_images\371_cwt.png,snp_cwt_plots,snp_cwt_plots\371_frequency_analysis.png,snp_cwt_plots\371_time_frequency.png
372,snp_cwt_images\372_cwt.png,snp_cwt_plots,snp_cwt_plots\372_frequency_analysis.png,snp_cwt_plots\372_time_frequency.png
373,snp_cwt_images\373_cwt.png,snp_cwt_plots,snp_cwt_plots\373_frequency_analysis.png,snp_cwt_plots\373_time_frequency.png
374,snp_cwt_images\374_cwt.png,snp_cwt_plots,snp_cwt_plots\374_frequency_analysis.png,snp_cwt_plots\374_time_frequency.png
375,snp_cwt_images\375_cwt.png,snp_cwt_plots,snp_cwt_plots\375_frequency_analysis.png,snp_cwt_plots\375_time_frequency.png
376,snp_cwt_images\376_cwt.png,snp_cwt_plots,snp_cwt_plots\376_frequency_analysis.png,snp_cwt_plots\376_time_frequency.png
377,snp_cwt_images\377_cwt.png,snp_cwt_plots,snp_cwt_plots\377_frequency_analysis.png,snp_cwt_plots\377_time_frequency.png
378,snp_cwt_images\378_cwt.png,snp_cwt_plots,snp_cwt_plots\378_frequency_analysis.png,snp_cwt_plots\378_time_frequency.png
379,snp_cwt_images\379_cwt.png,snp_cwt_plots,snp_cwt_plots\379_frequency_analysis.png,snp_cwt_plots\379_time_frequency.png
380,snp_cwt_images\380_cwt.png,snp_cwt_plots,snp_cwt_plots\380_frequency_analysis.png,snp_cwt_plots\380_time_frequency.png
381,snp_cwt_images\381_cwt.png,snp_cwt_plots,snp_cwt_plots\381_frequency_analysis.png,snp_cwt_plots\381_time_frequency.png
382,snp_cwt_images\382_cwt.png,snp_cwt_plots,snp_cwt_plots\382_frequency_analysis.png,snp_cwt_plots\382_time_frequency.png
383,snp_cwt_images\383_cwt.png,snp_cwt_plots,snp_cwt_plots\383_frequency_analysis.png,snp_cwt_plots\383_time_frequency.png
384,snp_cwt_images\384_cwt.png,snp_cwt_plots,snp_cwt_plots\384_frequency_analysis.png,snp_cwt_plots\384_time_frequency.png
385,snp_cwt_images\385_cwt.png,snp_cwt_plots,snp_cwt_plots\385_frequency_analysis.png,snp_cwt_plots\385_time_frequency.png
386,snp_cwt_images\386_cwt.png,snp_cwt_plots,snp_cwt_plots\386_frequency_analysis.png,snp_cwt_plots\386_time_frequency.png
387,snp_cwt_images\387_cwt.png,snp_cwt_plots,snp_cwt_plots\387_frequency_analysis.png,snp_cwt_plots\387_time_frequency.png
388,snp_cwt_images\388_cwt.png,snp_cwt_plots,snp_cwt_plots\388_frequency_analysis.png,snp_cwt_plots\388_time_frequency.png
389,snp_cwt_images\389_cwt.png,snp_cwt_plots,snp_cwt_plots\389_frequency_analysis.png,snp_cwt_plots\389_time_frequency.png
390,snp_cwt_images\390_cwt.png,snp_cwt_plots,snp_cwt_plots\390_frequency_analysis.png,snp_cwt_plots\390_time_frequency.png
391,snp_cwt_images\391_cwt.png,snp_cwt_plots,snp_cwt_plots\391_frequency_analysis.png,snp_cwt_plots\391_time_frequency.png
392,snp_cwt_images\392_cwt.png,snp_cwt_plots,snp_cwt_plots\392_frequency_analysis.png,snp_cwt_plots\392_time_frequency.png
393,snp_cwt_images\393_cwt.png,snp_cwt_plots,snp_cwt_plots\393_frequency_analysis.png,snp_cwt_plots\393_time_frequency.png
394,snp_cwt_images\394_cwt.png,snp_cwt_plots,snp_cwt_plots\394_frequency_analysis.png,snp_cwt_plots\394_time_frequency.png
395,snp_cwt_images\395_cwt.png,snp_cwt_plots,snp_cwt_plots\395_frequency_analysis.png,snp_cwt_plots\395_time_frequency.png
396,snp_cwt_images\396_cwt.png,snp_cwt_plots,snp_cwt_plots\396_frequency_analysis.png,snp_cwt_plots\396_time_frequency.png
397,snp_cwt_images\397_cwt.png,snp_cwt_plots,snp_cwt_plots\397_frequency_analysis.png,snp_cwt_plots\397_time_frequency.png
398,snp_cwt_images\398_cwt.png,snp_cwt_plots,snp_cwt_plots\398_frequency_analysis.png,snp_cwt_plots\398_time_frequency.png
399,snp_cwt_images\399_cwt.png,snp_cwt_plots,snp_cwt_plots\399_frequency_analysis.png,snp_cwt_plots\399_time_frequency.png
400,snp_cwt_images\400_cwt.png,snp_cwt_plots,snp_cwt_plots\400_frequency_analysis.png,snp_cwt_plots\400_time_frequency.png
401,snp_cwt_images\401_cwt.png,snp_cwt_plots,snp_cwt_plots\401_frequency_analysis.png,snp_cwt_plots\401_time_frequency.png
402,snp_cwt_images\402_cwt.png,snp_cwt_plots,snp_cwt_plots\402_frequency_analysis.png,snp_cwt_plots\402_time_frequency.png
403,snp_cwt_images\403_cwt.png,snp_cwt_plots,snp_cwt_plots\403_frequency_analysis.png,snp_cwt_plots\403_time_frequency.png
404,snp_cwt_images\404_cwt.png,snp_cwt_plots,snp_cwt_plots\404_frequency_analysis.png,snp_cwt_plots\404_time_frequency.png
405,snp_cwt_images\405_cwt.png,snp_cwt_plots,snp_cwt_plots\405_frequency_analysis.png,snp_cwt_plots\405_time_frequency.png
406,snp_cwt_images\406_cwt.png,snp_cwt_plots,snp_cwt_plots\406_frequency_analysis.png,snp_cwt_plots\406_time_frequency.png
407,snp_cwt_images\407_cwt.png,snp_cwt_plots,snp_cwt_plots\407_frequency_analysis.png,snp_cwt_plots\407_time_frequency.png
